word1,word2,word3,word4,word5,solution
prendere,sera,taglio,cerimonia,sposa,abito
remoto,diritto,riservato,punto,negato,accesso
parola,stato,sotto,capo,gratuita,accusa
dolce,sotto,pubblica,buco,muro,acqua
famiglia,chiudere,poco,vero,dreyfus,affare
espressione,bisogno,profondo,influenza,stima,affetto
chimico,polizia,segreto,cambio,commercio,agente
bianco,polvere,corona,camicia,testa,aglio
freccia,partito,palazzo,sotto,tornante,ala
natale,motore,azzurro,maestro,caduto,albero
maestra,conoscenza,trasmissione,sotto,frutto,albero
lettere,greco,muto,cirillico,morse,alfabeto
squadra,spiegare,libertà,apertura,folla,ali
scuola,moda,tensione,acqua,velocita',alta
tutela,naturale,diffusore,danno,attenzione,ambiente
primo,vero,clandestino,scienza,lontano,amore
matematica,sangue,istituto,numerica,logica,analisi
costoso,cipolla,rotondo,oro,fidanzamento,anello
dietro,calcio,piatto,cottura,concavo,angolo
perdere,arco,mille,personaggio,grazia,anno
totale,camera,fase,chiedere,sorriso,approvazione
trionfo,tiro,sopracciglio,tempo,giovanna,arco
gioco,trovare,fuori,dollaro,quadrato,area
nastro,capelli,nozze,piatto,vivo,argento
compagno,piazza,onore,sotto,passare,armi
regola,arrangiarsi,storia,povera,opera,arte
lana,parte,storia,commedia,nome,arte
oro,bellezza,testa,orecchie,pezzo,asino
manica,piantare,fiori,aviazione,oro,asso
libertà,categoria,sportiva,parole,quota,associazione
mettere,salto,vendere,alzare,battere,asta
hacker,panico,stato,pallavolo,armato,attacco
aperto,chiudere,proprio,radio,ramo,attività
verbo,carbone,vulcano,principio,saldo,attivo
coraggio,prendere,teatrale,legislativo,citazione,atto
mettere,dramma,ufficio,amore,convegno,atto
esercizio,palestra,mestiere,cucina,borsa,attrezzi
diritti,cinema,libro,colpa,delitto,autore
atto,avere,civili,legge,tribuna,autorità
portare,anni,altro,mani,ora,avanti
film,partire,spirito,battisti,galante,avventura
francese,addio,giuda,fronte,bocca,bacio
dare,primo,ultimo,apostrofo,giuda,bacio
tirare,corpo,scarpe,liscio,maschera,ballo
essere,coppia,sala,liscio,salsa,ballo
armata,larghezza,musicale,magliana,elastica,banda
porta,cambiare,blu,gol,gialla,bandiera
facile,valido,mancare,mobile,centro,bersaglio
uomo,mano,mangiare,capello,uovo,bianco
carta,atomica,navale,mano,idrogeno,bomba
carattere,atto,loro,divina,animo,bontà
piscina,nave,pizza,strada,pista,bordo
ghiaccio,spesa,donna,viaggio,pelle,borsa
giocare,viaggio,new york,sera,dopo,borsa
prendere,risposta,fortuna,vita,tenere,botta
collo,vino,vetro,litro,massaggio,bottiglia
attaccare,premere,accensione,pressione,camicia,bottone
fare,gatti,apertura,angolo,totale,buio
fuori,ecologica,aprire,insalata,chiusa,busta
armadio,nave,comando,spiaggia,elettrica,cabina
manovra,bagaglio,prova,nave,armadio,cabina
basso,stile,capelli,prezzo,libera,caduta
colla,pasto,reazione,patire,tropicale,caldo
aria,sicurezza,lavoro,ginnastica,presidente,camera
metà,luna,lungo,riprendere,san francesco,cammino
africa,aria,vivere,casa,topo,campagna
calcio,fuori,fiori,visivo,magnetico,campo
gioco,naso,posizione,tiro,motore,candela
caduta,sopra,punte,colore,sciolti,capelli
cura,ivan,zero,tirare,elastico,capelli
popolo,mio,figlia,grado,kirk,capitano
aereo,pioggia,prendere,inchiesta,11,carico
grande,auto,armato,elettrico,attrezzi,carro
scoprire,gioco,lettura,credito,quarantotto,carte
riposo,cura,schiera,bianca,popolare,casa
limite,clinico,unico,studio,fortuito,caso
sabbia,aria,torre,assalto,letto,castello
euro,passaggio,peso,campioni,lusso,categoria
montaggio,anello,trasporto,distribuzione,negozi,catena
campa,febbre,battaglia,essere,corse,cavallo
essere,san francesco,cura,acciaio,tiro,cavallo
piedi,portare,dopo,lavoro,ora,cena
benessere,citta',tavola,sviluppo,circonferenza,centro
urgente,emergenza,rifiutata,anonima,simulata,chiamata
sotto,successo,giro,chiuso,parola,chiave
stare,pelle,sacro,magro,roccia,chiodo
chiudere,continuo,moto,stagioni,lavaggio,ciclo
azzurro,stelle,dito,alto,volare,cielo
ufficio,lettere,sparare,record,doppia,cifra
latte,bianco,nero,mandorle,concentrato,cioccolato
acqua,lotta,sezione,java,energetica,classe
fiducia,cambiamento,micro,brutto,mediterraneo,clima
poste,lunga,paglia,cavallo,testa,coda
cane,sale,colpo,pianoforte,vagone,coda
barre,civile,strada,postale,penale,codice
bianco,dentale,camicia,ecclesiastico,pianta,colletto
uccelli,ex,città,acqua,estiva,colonia
vertebrale,sonora,greca,portante,doccia,colonna
piazza,fumo,procedere,divisione,vincente,colonna
stato,dare,frusta,sole,coda,colpo
distanza,sala,catena,riposo,assumere,comando
adottare,codice,disturbi,civile,sportivo,comportamento
spese,portiere,regolamento,bacheca,amministratore,condominio
naturale,segnare,guardia,stato,senza,confine
fare,terra,spazio,potere,umanità,conquista
banca,sospeso,rosso,corrente,pagare,conto
fare,buon,firma,proprio,aperto,conto
nazionale,muscolo,lavoro,proposta,firmare,contratto
corrente,vento,senso,soffitto,sole,contro
coperto,stare,piscina,mercato,ponte,coperto
vittoria,america,mondo,tagliare,italia,coppa
ferro,ballo,terapia,fatto,strana,coppia
dare,seta,chitarra,gemella,intrecciata,corda
docenti,andare,polizia,fabbrica,umano,corpo
elettrica,fiume,letteraria,conto,alternata,corrente
caffe',politicamente,uso,italiano,funzionamento,corretto
giornale,espresso,droga,ritardo,aereo,corriere
eventi,fuori,imboccare,lingue,acqua,corso
nuovo,distanza,fiume,anno,legale,corso
interno,lunga,mezzo,petto,pera,coscia
andare,sol,bistecca,mezza,picco,costa
rivista,festa,scena,mal,uomo,costume
segno,occhio,mettere,greca,abbracciare,croce
metro,ragazza,facce,elevare,letto,cubo
barella,dolce,raso,legno,farina,cucchiaio
organo,spezzato,batti,problemi,attacco,cuore
lattice,lana,piume,cervicale,antireflusso,cuscino
occhiali,cellulare,contratto,cautelare,silicone,custodia
guerra,scuola,orientale,saggio,posizioni,danza
lingua,occhio,pasta,levare,radice,dente
scendere,cura,negozio,foto,chiamate,dettaglio
segreto,tenere,sogni,caro,bordo,diario
capello,patto,avvocato,nero,prada,diavolo
sospetto,stima,origine,trovare,venere,difetto
posti,cifra,tempo,cliente,mettere,disposizione
bagno,schiuma,colonna,solare,gel,doccia
cantare,telefono,cuffia,piatto,psyco,doccia
trilogia,area,washington,argento,verdone,dollaro
altro,senza,mattina,meteo,oggi,domani
pubblico,libero,funzione,internet,romano,dominio
fare,chiuso,ufficio,sentire,prima,dovere
tenere,lavoro,colpo,cuore,inverno,duro
squalo,bianco,fortuna,farfalla,memoria,elefante
lasciare,unico,sperimentale,patrimonio,trono,erede
prendere,obiettivo,stato,programma,legge,esame
senza,volgare,risolvere,geografica,pedale,espressione
cronaca,beccato,straordinario,casa,giuridico,fatto
morale,stare,matrimonio,buonanotte,cenerentola,favola
venire,gioco,oro,cavallo,linea,febbre
professione,politica,oro,cattiva,luoghi,fede
carta,bandiera,giuramento,obbligo,alta,fedeltà
posta,partenza,stato,immagine,orologio,fermo
braccio,filo,prua,cavallo,cortina,ferro
benvenuto,sorpresa,organizza,invito,privata,festa
contro,piana,bella,retorica,paterna,figura
naturale,re,reato,contro,libera,figura
violino,tenere,capo,auto,due,fila
audio,conduttore,discorso,ferro,arianna,filo
motore,ottico,aria,the,adsl,filtro
ligure,film,scena,versione,risultato,finale
aprire,browser,guardare,porta,periodo,finestra
mondo,porta,ghigliottina,stare,cortile,finestra
giovinezza,zucca,bello,occhiello,latte,fiore
dita,freni,orecchie,inizio,naso,fischio
carta,rosa,giornale,calcolo,protocollo,foglio
giardino,insetti,censura,anelli,paio,forbici
duro,fossa,vermi,vaccino,forma,formaggio
volare,corso,anni,ghiaccio,romanzo,formazione
legna,pasta,gradi,mettere,elettrico,forno
lavoro,motrice,elastica,presa,quattro,forza
direttore,situazione,satellite,corso,colori,fotografia
radio,nera,direzione,sud,lanciare,freccia
giornata,finire,stampa,studi,cemento,fresco
stagione,passione,proibito,pianta,mare,frutto
vittoria,via,punto,notizie,pericolo,fuga
andare,occhi,venditore,danni,arrosto,fumo
mandare,colonna,battaglia,tutto,londra,fumo
corso,comune,campo,luogo,cena,fuori
occhi,controllo,mano,classe,concorso,fuori
identita',denaro,aggravato,appatamento,subito,furto
piccolo,scoprire,identità,abitazione,precedenti,furto
formaggio,ferro,orario,cervello,motore,fuso
animali,combattimento,toracica,scappare,calcio,gabbia
aria,tagliare,gioco,x,testa,gambe
naturale,rete,lacrimogeno,serra,ideale,gas
dare,città,colonna,società,luce,gas
andare,lampada,militare,matematico,incompreso,genio
portare,riga,cubetto,bastoncino,firma,gesso
amore,coraggio,saluto,nobile,ombrello,gesto
scrivere,motore,peso,aria,continuo,getto
lavatrice,carrello,presenza,telefono,doccia,gettone
città,italiana,curare,infanzia,re,giardino
mettersi,prestigio,ragazzi,tavolo,doppio,gioco
aperto,forza,casa,silenzio,fuori,gioco
radio,settimanale,periodico,pagina,copertina,giornale
libro,radio,lettere,locale,classe,giornale
riposo,consegna,uovo,particolare,campionato,giornata
contare,malattia,festa,cento,santi,giorni
libreria,grande,bella,mela,santo,giorno
orchestra,meno,oggi,largo,leoni,giovani
italia,giostra,armonico,angolo,tondo,giro
programma,classe,barca,organizzare,piacere,gita
dio,giorno,ottemperanza,grado,abbreviato,giudizio
età,finale,rappresentare,buono,metro,giudizio
acqua,montagna,secca,male,peccato,gola
tecnico,presidente,internazionale,elezioni,istituzionale,governo
ponte,liquido,capo,tecnico,formare,governo
ufficiale,terzo,parentela,essere,angolo,grado
scarico,legge,caso,forza,pena,gravità
telefono,velluto,giorno,cielo,topo,grigio
donna,lana,portiere,trattare,gialli,guanti
marina,onore,capo,mettere,cambio,guardia
ricercato,organo,mancanza,vestire,orrido,gusto
specchio,simbolo,diritto,sua,definizione,immagine
andare,colpo,lavoro,brutto,primo,incontro
tempo,lavoro,tornare,pietro,tuffo,indietro
letteratura,diritti,scuola,ricordo,prima,infanzia
riso,corno,lingua,chiave,paziente,inglese
locale,comune,test,favore,salario,ingresso
dare,calcio,lavori,fine,film,inizio
centrifuga,greca,rinforzo,iceberg,russa,insalata
funzione,versione,pasta,definito,pane,integrale
piccolo,autorità,convegno,scheda,pace,intervento
festa,esclusivo,teatro,cena,ritirare,invito
accesa,fulminata,incandescenza,luce,led,lampadina
polvere,madonna,caffè,pecora,artificiale,latte
suocera,mandorla,cioccolato,fiore,ginocchia,latte
piangere,vecchi,bocca,cartone,fior,latte
bianca,magnetica,muro,ardesia,interattiva,lavagna
dare,piano,mondo,abito,gruppo,lavoro
norma,dettare,fuori,disegno,proposta,legge
dimissioni,amore,protesta,chiusa,busta,lettera
amore,direttore,carta,importo,dottore,lettere
vita,servire,domicilio,ora,sci,lezione
novità,negozio,piano,muro,scolastica,libreria
giustifiche,assegni,circolazione,risparmio,opera,libretto
fiera,autore,scuola,leggere,giornale,libro
titolare,esercizio,costruzione,premio,pesca,licenza
sicilia,acido,giallo,succo,spremere,limone
campo,retta,urbana,confine,metro,linea
morta,bianca,italiana,ufficiale,corso,lingua
fuori,sabbia,posto,punta,freno,lingua
superare,basso,curva,volo,gioco,livello
fare,mettere,dare,pulsata,punto,luce
addetto,natale,notte,sosta,insegna,luci
candela,ragione,lampada,organo,occhi,lume
albero,vita,ascia,colpo,scuola,maestro
mettere,grande,merci,responsabile,fondo,magazzino
ministero,cinema,fare,numero,nera,magia
comune,testa,mare,amore,denti,mal
cuore,fare,sola,viva,ciao,mamma
fine,vendere,esclusiva,parlamentare,arresto,mandato
tunnel,larga,vento,asso,vestito,manica
portata,pesante,ultima,sotto,fuoco,mano
mela,indietro,passo,roma,cambio,marcia
leone,acquario,sale,fondale,cavalluccio,marino
fenomeno,specifica,molare,messa,grassa,massa
tenere,classe,età,inferiore,matematica,media
tempo,prendere,test,lavoro,orientale,medicina
male,niente,pausa,essere,possibile,meno
fresca,aperta,locale,passare,saltare,mente
fuoco,mora,evidenza,terra,cattolica,messa
vecchio,vivere,armi,imparare,trucchi,mestiere
prezzo,quadro,poesia,corsa,paragone,metro
fine,complemento,trasporto,soprano,contrasto,mezzo
italia,fuoco,famiglia,cassa,giovanna,mezzogiorno
aperto,prova,spia,gelato,radio,microfono
leva,marina,incidente,esercitazione,scuola,militare
biglietto,anno,impresa,righe,bolle,mille
velocità,sospetto,diario,regolare,necessario,minimo
prezzi,perdere,libero,attenzione,solo,minuto
seguire,prendere,vita,ultimo,documento,modello
chiedere,carico,principe,vacanza,prima,moglie
mandare,piedi,ore,premi,carlo,monte
scherzare,pena,campane,papa,lenta,morte
arte,canina,antichità,corso,oltremare,mostra
eco,essere,marino,benigni,sacro,mostro
terra,rivoluzione,conto,orologio,romantico,movimento
auto,risposta,scelta,sclerosi,scommessa,multipla
pianto,suono,pietra,secco,berlino,muro
notte,sale,prezzo,custode,moma,museo
partenza,pacchi,rosa,rotolo,trasportatore,nastro
albero,canti,regali,luci,spirito,natale
ieri,base,male,segno,stanco,nato
miracolo,leggi,ritorno,secondo,dono,natura
selezione,biondo,acqua,numero,parco,naturale
guerra,porto,crociera,ponte,vela,nave
entrare,diffusione,biblioteca,interesse,festa,nazionale
comune,mano,passare,letto,soldato,nemico
saltare,dare,saldi,pezzi,tesi,nervi
pagare,percorso,rifiuto,taglio,vantaggio,netto
momento,signora,certo,dottor,perché,no
venire,moravia,resto,para,barba,noia
rimedi,torta,papera,ricette,pensione,nonna
disappunto,musicale,bene,merito,fiscale,nota
striscia,dare,ultima,brutta,cronaca,notizia
blu,consiglio,antonioni,oscar,linea,notte
primo,maglia,magazine,verde,telefonico,numero
cielo,testa,cadere,drago,fumetto,nuvole
cairo,strillare,collo,passo,selvaggia,oca
oro,lavoro,pezzo,cogliere,persa,occasione
trucco,lince,verdi,gatto,stanchi,occhi
sole,neri,goccia,scuri,vintage,occhiali
chiuso,santità,cattivo,buon,sentire,odore
presentare,aiuto,pace,migliore,regalo,offerta
contratto,studio,mail,valore,sociale,oggetto
gomito,semi,filtro,liscio,oliva,olio
oceano,guardare,mare,modo,tomba,oltre
cresta,seguire,particella,sonora,urto,onda
difendere,comune,giornale,reato,merito,opinione
treni,atomico,fuori,fuso,esatto,orario
professore,grande,prova,scala,buca,orchestra
mercante,fischio,tappate,rosse,sventola,orecchie
strumento,fegato,artificiale,controllo,riproduzione,organo
partito,garanzia,pelle,elettrico,trasmissione,organo
ricevere,ordinario,fare,regalo,sorpresa,pacco
tirare,zucchero,consegna,sorpresa,x,pacco
diventare,tutto,orme,ozio,padrone,padre
sotto,campo,mestiere,pazzo,asino,padrone
prima,voltare,diario,ufficiale,iniziale,pagina
neve,calcio,pelo,lardo,prigioniera,palla
partenza,prendere,luce,porta,frasca,palo
americana,flauto,zucchero,spagna,giallo,pan
angolo,carrozza,improvviso,uccello,gran,paradiso
musica,clienti,tema,mezzi,nazionale,parco
neri,mezzi,visita,lontani,serpenti,parenti
prezzo,euro,diritti,finire,punti,parità
prima,essere,dare,chiave,piana,parola
vento,perdere,ghiaccio,crociate,amore,parole
calcio,iva,consegnare,truccare,diretta,partita
isola,pizza,bassa,domenica,felice,pasqua
politica,notte,pesca,frutto,coltivare,passione
asciutta,calorie,fresca,uovo,ricette,pasta
duchessa,dolci,novelle,sacco,idem,patate
mettere,pranzo,riflessione,caffe',relax,pausa
uomo,seguire,zero,vigile,inglese,paziente
aereo,cavallo,tempo,guidare,gioia,pazzo
originale,gola,capitale,mortale,commettere,peccato
morte,scontare,capitale,amore,fare,pena
blu,sfera,oca,biro,stilografica,penna
calzare,barba,sintetico,peli,trucco,pennello
vita,studi,stradale,sbagliare,benessere,percorso
giorno,silenzio,corpo,numero,ramazzotti,perfetto
rivoluzione,prova,morto,digiuno,rosa,periodo
principale,piatto,tipo,famoso,immaginario,personaggio
titolo,niente,capo,medico,riduzione,personale
misto,coda,aprile,palla,azzurro,pesce
perdere,coscienza,liberarsi,piuma,dare,peso
essere,piccola,nera,milano,corna,peste
ricetta,buio,pasta,occhio,condimento,pesto
mettere,dolci,sotto,ali,argilla,piedi
orologio,libri,volta,acquasanta,carica,pila
soldi,rumore,uomo,danza,stivali,pioggia
strada,film,nave,programma,bandiera,pirata
pattinaggio,fuori,indagine,atterraggio,atletica,pista
noia,rossa,napoletana,taglio,metro,pizza
stato,uniforme,blocco,segnalare,frontiera,polizia
gioco,spedizione,maglia,marco,positivo,polo
situazione,fermo,fascia,sentire,orologio,polso
s. maria,poeti,nome,eletto,avanti,popolo
registrare,accesso,sicurezza,servizio,calcio,porta
mano,clienti,ministro,perdere,gonna,portafoglio
armi,andare,nave,passa,digitale,porto
bilancio,giudizio,pensare,lato,polo,positivo
gioco,elettronica,alta,raccomandata,messaggio,posta
occupato,fisso,manca,fuori,lavoro,posto
piedi,pagare,affari,domenica,prima,pranzo
aprire,lezione,grammatica,corrente,campo,pratica
primo,vincere,consolazione,oscar,maggioranza,premio
mortale,cucina,elettrica,bastiglia,macchina,presa
libertà,pubblico,senza,ultimo,corsa,prezzo
levi,amore,anno,posto,numero,primo
questione,archimede,inerzia,base,attivo,principio
lancio,offerta,naturale,terra,italia,prodotto
battuta,cassa,risposta,pappa,guarigione,pronta
essere,uso,piatto,decollo,intervento,pronto
rispondere,uso,fatto,senso,meglio,proprio
scadenza,amore,essere,fine,passato,prossimo
sociale,anima,piccola,agenzia,film,pubblicità
chiuso,tirare,dollari,ricevere,mostrare,pugno
iceberg,coltello,piedi,spillo,spezzata,punta
forza,procedere,vista,dieta,vittoria,punti
morto,luce,cardinale,vendita,vista,punto
avere,salto,fisica,certificato,servizio,qualità
perdere,sociale,parte,alta,mensile,quota
minerali,rifiuti,editoriale,uva,figurine,raccolta
mettere,piante,famiglia,quadrate,denti,radici
città,tv,vita,oggi,gioco,ragazzi
azione,medio,ruota,sole,verde,raggio
tagliare,familiari,aziendali,secchi,albero,rami
pericolo,valore,vita,famiglia,numero,reale
cose,conti,triste,senso,principio,realtà
classe,voce,cambiare,imposta,chiavi,registro
cambio,nota,pubblico,vocale,imposta,registro
sole,ghiaccio,sotto,unito,celeste,regno
tutto,numero,moto,problema,rosso,relativo
alto,terreno,studente,motore,titolo,rendimento
scout,auto,giocattoli,difesa,capo,reparto
venezia,prima,cicerone,lavoro,banane,repubblica
video,segni,capacità,secondo tempo,economica,ripresa
portare,numeri,annuncio,leggero,consegna,ritardo
fuoco,sera,rubino,papavero,gambero,rosso
carro,scorta,fortuna,giro,panoramica,ruota
danza,fiamma,uomo,breve,grafico,saggio
bagno,cucina,zucca,binario,grosso,sale
alto,asta,qualità,classe,lungo,salto
arabo,militare,massonico,motociclisti,romano,saluto
portare,imprevisti,approvazione,pelo,sano,salvo
costituzione,pianta,mal,mente,abitudine,sana
porta,acqua,polvere,piatti,scaglie,sapone
capelli,grandezza,montagna,conto,marce,scalare
valore,auguri,colpi,parcheggio,binario,scambio
cibo,giochi,fiammiferi,contenuto,sterzo,scatola
felice,parte,medico,guardia,piatto,scelta
chopin,bello,destino,vittima,prete,scherzo
vincente,cavalli,sicura,quote,online,scommessa
chiedere,famiglia,cassa,buono,pena,sconto
andare,dopo,serale,ballo,calcio,scuola
cambiare,giudizio,unica,altra,stradale,sede
sdraio,cadere,rotelle,dondolo,elettrica,sedia
opposto,tempo,lassciare,bilancia,matrice,segno
codice,bancario,professionale,ingrediente,diario,segreto
corsa,soldato,carta,vita,società,semplice
contro,unico,orario,sesto,colpa,senso
pari,pace,sosta,motivo,famiglia,senza
scala,capelli,naturale,via,baricco,seta
re,giorni,bello,nani,segrete,sette
duello,gruppo,annullamento,eliminazione,onore,sfida
raccogliere,segno,finale,scudetto,aperta,sfida
lavoro,uscita,informatica,stradale,cassetta,sicurezza
giocare,internazionale,sicurezza,scrittura,solare,sistema
primo,pronto,omissione,venire,stradale,soccorso
brutto,americano,vita,vacanza,proibito,sogno
amore,vita,casa,coltivare,brutto,sogno
prendere,bello,eclissi,colpi,tende,sole
cascare,pesante,ore,eterno,perdere,sonno
fare,divieto,emergenza,area,limitata,sosta
stazione,nave,viaggio,tuta,casco,spaziale
mattino,liberare,utile,salva,manovra,spazio
ritardo,internazionale,gratuita,pacco,tracciare,spedizione
borsa,andare,delegazione,vita,rosa,spiaggia
birra,tessuto,rosa,fianco,corrente,spina
iniziativa,libero,santo,guerriero,critico,spirito
tutto,coperto,neve,leggenda,individuale,sport
gioco,calcio,gradi,mobile,vittoria,squadra
fare,terra,orchestra,gamba,cedola,stacco
riempire,missile,ghiaccio,coperto,curva,stadio
mandare,presentazione,silenzio,organo,velocità,stampa
vescovo,cielo,pranzo,tavolo,studenti,stanza
affare,solido,famiglia,civile,quarto,stato
cinema,alpina,polare,david,marina,stella
avere,libero,modello,mobile,caduta,stile
entrare,naturale,italiano,rai,vecchia,storia
maestra,statale,privata,codice,urbana,strada
essere,pagamento,misura,mestiere,solista,strumento
dentistico,funzione,fenomeno,legale,aperto,studio
vacanza,tv,indirizzo,fase,settore,studio
uomo,formula,pubblico,inviato,riscuotere,successo
dare,obbligo,indagini,salerno,storica,svolta
pane,corto,traguardo,capelli,ponti,tagliare
colpire,doppio,piccolo,netto,spazzola,taglio
verità,orologio,pugni,mani,pasticciere,tasca
meccanica,layout,musicale,gioco,virtuale,tastiera
strumenti,schermo,comando,telefono,elettronica,tastiera
dolente,meccanico,blocco,schiacciare,pianoforte,tasto
termica,personalizzata,caffe',farnese,ceramica,tazza
discorso,parere,caldaia,istituto,governo,tecnico
andare,definizione,stato,libera,colori,televisione
aria,osso,limite,violento,estivo,temporale
sole,campeggio,rullo,sipario,interni,tenda
preparare,incontro,perdere,piacere,lotto,terreno
copertina,dimensione,persona,seno,età,terza
pirati,scrigno,trovare,cercare,nascosto,tesoro
fare,amore,buono,san pietro,isola,tesoro
zanzara,bengala,bianca,siberiana,uomo,tigre
effetto,arco,corda,mancino,bersaglio,tiro
libro,studio,insegnamento,film,stato,titolo
fine,acqua,città,albergo,grigio,topo
compleanno,preparare,faccia,nonna,salata,torta
grassa,acuta,colpo,cronica,sciroppo,tosse
generale,carico,guerra,buio,evasore,totale
libro,seguire,lasciare,pacco,matrice,traccia
tevere,politica,stampa,onore,posto,tribuna
leggero,barba,togliere,viso,inganno,trucco
pubblico,segreto,difesa,stampa,lavoro,ufficio
ministero,normale,statale,ammissione,terza età,università
sicurezza,scena,posta,orario,film,uscita
guadagnare,scuola,senza,libro,principale,uscita
andare,morte,sogno,moglie,case,vacanza
estero,uomo,argomento,bersaglio,aiuto,valido
don abbondio,porta,pianta,notte,cinese,vaso
preghiera,funebre,pasquale,dormi,stelle,veglia
andare,campanile,scuola,tavola,maestra,vela
minestrone,passata,griglia,centrifuga,stagione,verdure
animale,poetico,direzione,contro,tronco,verso
vento,cavo,seguire,vai,principale,via
prendere,terra,foglio,maestra,uscita,via
aereo,nozze,lavoro,andata,turistico,viaggio
programma,titolo,fine,studio,spese,viaggio
viva,mare,claudio,comunale,medici,villa
mega,milionaria,potenziale,sognare,record,vincita
scegliere,colore,giovane,riserva,buon,vino
mobile,punto,mettere,bacillo,operazione,virgola
prendere,super,insieme,gioco,prima,visione
cortesia,specialistica,guidata,scolastica,gradita,visita
lavare,nuovo,espressione,maschera,pallido,viso
stella,legno,americana,giro,tappo,vite
entrare,costo,sangue,punto,colore,vivo
senza,sotto,verbo,alterata,familiare,voce
uccello,fabio,prendere,angelo,capire,volo
vecchia,uva,gatto,caccia,volante,volpe
musica,libro,tutto,formula,calcolo,volume
fare,maggioranza,laurea,diritto,castità,voto
libero,donne,brutto,sciogliere,obbedienza,voto
partire,anno,gruppo,sopra,costo,zero
dieta,temperata,limitrofa,verde,termica,zona
dura,vuota,fiori,sale,intagliare,zucca
camera,singolo,misure,divano,letto,
politica,lavoro,perdere,ventaglio,pari,
sospeso,servizio,pausa,macchina,vetro,
finire,grande,cura,prodotto,mezza,
andare,operazione,mezzo,alpino,banco,
tutto,aria,consumo,pace,meglio,
guerra,tenda,piccolo,opera,posa,
libertà,fare,governo,aerea,corridoio,
perdere,uomo,primo,no,libero,
senza,tutto,corpo,grosso,strumento,
mano,traffico,salvare,politica,gioco,
fare,saldo,interessato,grande,attenzione,
piangere,dolore,articolo,violino,gambe,
dare,giocattolo,deserto,volo,fondo,
realtà,aspettare,passaggio,scene,punto,
fuori,definire,nodo,meridionale,onore,
corso,grandezza,storia,porto,luce,
aereo,scuola,tribunale,carriera,vita,
saltare,inglese,ora,sacco,seconda,
familiare,diritto,partita,bianca,pagina,
civile,femminile,locale,piramide,legni,
sogni,attore,peso,cartone,combinazione,
neve,strano,rischio,nulla,inquinamento,
sorpresa,super,albergo,squadra,accogliere,
ufficiale,bionda,gran,premio,rischio,
mani,atto,senso,civile,corte,
chiuso,piedi,mare,penna,inganno,
secondo,posto,conti,peso,caso,
carte,auto,libro,occhiali,labbra,
lettera,fiducia,agnelli,difensore,parcella,
gigante,difesa,rosso,terra,scimmie,
comando,capo,posta,centrale,via crucis,
giocare,largo,grazie,sabato,tempi,
prima,vincente,cavallo,palio,foto,
incendio,guida,sano,fine,archimede,
domenica,nostra,bella,parrucchiere,maestra,
alta,fondo,lingua,anna,eden,
campo,gara,buona,robot,tavolo,
andare,radio,duro,buco,bottone,
lavorare,calcio,salute,cotta,rosa,
arma,opera,civile,lampo,male,
fuori,comune,parte,perdere,effetto,
superare,comunicazione,pista,economica,momento,
alzare,fondo,telescopio,latte,pieno,
sport,piano,licenza,festival,colazione,
sotto,misure,solare,rete,civile,
scendere,sangue,estiva,civica,domenica,
stelle,sole,ferro,fiori,tappo,
occhio,valori,olio,pentola,fiscale,
nazionale,agenzia,caccia,politica,vergine,
bianco,falso,battere,stop,invio,
cinema,borghese,fari,arte,nazionale,
viaggiare,nome,abito,film,frutta,
generazione,analisi,speranza,spiaggia,parola,
studio,fisso,internazionale,famiglia,autore,
essere,biglietto,carta,numero,salsa,
conoscenza,leggere,fedele,bella,omaggio,
sangue,gelato,crema,lancio,venere,
rischio,strada,manovra,superiore,spesa,
piatto,treno,lettera,corriere,consenso,
semi,giornalista,libero,settore,amore,
mondiale,primo,pericolo,passaggio,preparazione,
assemblea,seggio,camera,washington,onorario,
contorno,canotto,lucido,sorriso,bacio,
quattrini,secco,giro,pesca,remi,
critiche,rispondere,scala,misto,alpini,
avere,armi,giochi,viaggio,ex,
dare,metro,pala,cornicione,fichi,
morbida,rosso,trucco,labbra,disegno,
